﻿<?xml version="1.0" encoding="utf-8"?>

<!-- Top level context for InGame Civ6 -->
<!-- Tabs set to 2 spaces, retaining the tab. -->
<Context Name="InGame">

	<Include File="PopupDialog"/>

	<!--Order matters in this list regarding mouse/touch priority and rendering -->

	<Container		ID="Core"                       Size="parent,parent">
		<LuaContext	ID="WorldInput"							    FileName="WorldInput" />
		<LuaContext	ID="StrategicView"							FileName="StrategicView" />
		<LuaContext ID="ARXManager"									FileName="ARXManager"							Hidden="1"  />	<!-- Logitech ARX support -->
	</Container>

	<Container		ID="WorldViewControls"          Size="parent,parent">
		<LuaContext ID="MapLabelManager"						FileName="MapLabelManager"/>
		<LuaContext ID="WorldViewIconsManager"			FileName="WorldViewIconsManager"/>
		<LuaContext ID="DistrictPlotIconManager"		FileName="WorldView/DistrictPlotIconManager"/>
		<LuaContext ID="SettlerInfluenceIconManager" FileName="SettlerInfluenceIconManager"/>
		<LuaContext ID="PlotInfo"										FileName="WorldView/PlotInfo"/>
		<Container	ID="BannerAndFlags"							Size="parent,parent">
			<LuaContext ID="CityBannerManager"				FileName="CityBannerManager" />
			<LuaContext ID="UnitFlagManager"					FileName="UnitFlagManager"/>
		</Container>
		<LuaContext ID="TourismBannerManager"				FileName="TourismBannerManager" />
		<LuaContext ID="MapPinManager"							FileName="MapPinManager"/>
		<LuaContext ID="SelectedUnit"								FileName="WorldView/SelectedUnit"/>
		<Container	ID="SelectedMapPinContainer"/>	<!-- Selected map pin UI is dynamically attached/detached from here so that it renders last -->
		<Container	ID="SelectedUnitContainer"/>		<!-- Selected unit UI is dynamically attached/detached from here so that it renders last -->
		<LuaContext ID="WorldViewPlotMessages"			FileName="WorldViewPlotMessages"/>
		<LuaContext ID="SettlerWarningIconManager"	FileName="SettlerWarningIconManager"/>
    <LuaContext ID="PowerLensManager"	          FileName="PowerLensManager"/>
		<LuaContext ID="GenVFX"											FileName="GenVFX"									Hidden="1"/>	<!-- Generic VFX trigger support -->
	</Container>
	<!-- Turn Processing -->


	
	<Container ID="HUD" Size="parent,parent">
		<LuaContext ID="CameraManager"							FileName="CameraManager"					Hidden="1"/>
		<LuaContext ID="PlotToolTip"								FileName="PlotToolTip"/>
		<LuaContext ID="StatusMessagePanel"					FileName="StatusMessagePanel"/>
		<LuaContext ID="NotificationPanel"					FileName="NotificationPanel"/>
		<LuaContext ID="UnitPanel"									FileName="UnitPanel"							Hidden="1"	/>
		<LuaContext		ID="TurnProcessing"				FileName="TurnProcessing"				Hidden="1" />
		<LuaContext ID="WorldTracker"								FileName="WorldTracker"/>
		<LuaContext ID="MinimapPanel"								FileName="MinimapPanel"/>
		<LuaContext ID="CityPanel"									FileName="CityPanel"							Hidden="1"	/>
		<LuaContext ID="ActionPanel"								FileName="ActionPanel"/>
		<LuaContext ID="MultiplayerTurnManager"			FileName="MultiplayerTurnManager" Hidden="1"	/>		
	</Container>

	<Container		ID="PartialScreens" Size="parent,parent">
		<LuaContext ID="TopPanel"										FileName="TopPanel"/>
		<LuaContext ID="DiplomacyRibbon"						FileName="DiplomacyRibbon"/>
		<LuaContext ID="CityStates"									FileName="CityStates"							Hidden="1"/>
		<LuaContext ID="EspionageOverview"					FileName="EspionageOverview"			Hidden="1"/>
		<LuaContext ID="WorldRankings"							FileName="WorldRankings"					Hidden="1"/>
		<LuaContext ID="TradeOverview"							FileName="TradeOverview"					Hidden="1"/>
		<LuaContext ID="ReportsList"								FileName="ReportsList"						Hidden="1"/>
		<LuaContext ID="PartialScreenHooks"					FileName="PartialScreenHooks"/>
		<LuaContext ID="ProductionManager"					FileName="ProductionManager"			Hidden="1"/>
		<LuaContext ID="ProductionPanel"						FileName="ProductionPanel"				Hidden="1"/>
	</Container>

		<Container ID="Screens" Size="parent,parent">
		<LuaContext	ID="FullscreenMapPopup"		      FileName="FullscreenMapPopup"			Hidden="1"/>
		<LuaContext ID="TechTree"										FileName="TechTree"								Hidden="1"/>
		<LuaContext ID="CivicsTree"									FileName="CivicsTree"							Hidden="1"/>
		<LuaContext ID="ClimateScreen"							FileName="ClimateScreen"					Hidden="1"/>
		<LuaContext ID="GovernmentScreen"						FileName="GovernmentScreen"				Hidden="1"/>
		<LuaContext ID="ReligionScreen"							FileName="ReligionScreen"					Hidden="1"/>
		<LuaContext ID="GreatWorksOverview"					FileName="GreatWorksOverview"			Hidden="1"/>
		<LuaContext ID="GreatWorkShowcase"					FileName="GreatWorkShowcase"			Hidden="1"/>
		<LuaContext ID="GreatPeoplePopup"						FileName="GreatPeoplePopup"				Hidden="1"/>
    <LuaContext ID="GlobalResourcePopup"				FileName="GlobalResourcePopup"		Hidden="1"/>
    <LuaContext ID="ReportScreen"								FileName="ReportScreen"						Hidden="1"/>
	</Container>

	<!-- TODO this should have higher precedence than some things in the TopLevelHUD container -->
	<LuaContext ID="EdgeScroll" FileName="EdgeScroll"/>



	<Container ID="TopLevelHUD" Size="parent,parent">
		<LuaContext ID="LaunchBar"									FileName="LaunchBar"/>
		<LuaContext ID="TradeRouteChooser"					FileName="TradeRouteChooser"			Hidden="1"/>
		<LuaContext ID="TradeOriginChooser"					FileName="TradeOriginChooser"			Hidden="1"/>
		<LuaContext ID="CivicsChooser"							FileName="CivicsChooser"					Hidden="1"/>
		<LuaContext ID="ResearchChooser"						FileName="ResearchChooser"				Hidden="1"/>
		<LuaContext ID="EspionageChooser"						FileName="EspionageChooser"				Hidden="1"/>
    <LuaContext ID="PantheonChooser"            FileName="PantheonChooser"        Hidden="1"  />
		<LuaContext ID="CityPanelOverview"					FileName="CityPanelOverview"			Hidden="1"/>
		<LuaContext ID="ModalLensPanel"							FileName="ModalLensPanel"					Hidden="1"/>
	</Container>


	<Container ID="WorldPopups"										Size="parent,parent"							Hidden="1">
		<LuaContext ID="EraCompletePopup"						FileName="EraCompletePopup"				Hidden="1"/>
		<LuaContext ID="NaturalWonderPopup"					FileName="NaturalWonderPopup"			Hidden="1"/>
		<LuaContext ID="NaturalDisasterPopup"				FileName="NaturalDisasterPopup"		Hidden="1"/>
    <LuaContext ID="RockBandMoviePopup"					FileName="RockBandMoviePopup"			Hidden="1"/>
    <LuaContext ID="RockBandPopup"					    FileName="RockBandPopup"			    Hidden="1"/>
		<LuaContext ID="WonderBuiltPopup"						FileName="WonderBuiltPopup"				Hidden="1"/>
    <LuaContext ID="ProjectBuiltPopup"					FileName="ProjectBuiltPopup"			Hidden="1"/>
		<LuaContext ID="MapPinPopup"								FileName="MapPinPopup"						Hidden="1"/>
		<LuaContext ID="PBCNotificationPopup" FileName="PBCNotificationPopup" Hidden="1"/>
		<LuaContext ID="RazeCity"										FileName="RazeCity"								Hidden="1"/>
		<LuaContext ID="BoostUnlockedPopup"					FileName="BoostUnlockedPopup"			Hidden="1"/>
		<LuaContext ID="TechCivicCompletedPopup"		FileName="TechCivicCompletedPopup" Hidden="1"/>
		<LuaContext ID="UnitPromotionPopup"					FileName="UnitPromotionPopup"			Hidden="1"/>
		<LuaContext ID="EspionagePopup"							FileName="EspionagePopup"					Hidden="1"/>
		<LuaContext ID="EventPopup"									FileName="EventPopup"							Hidden="1"/>
		<LuaContext ID="Automation_NarrationPopup"	FileName="Automation_NarrationPopup" Hidden="1"/>
	</Container>

	<Container		ID="FakePopups"	Size="parent,parent">
		<LuaContext ID="ChooseArtifact"							FileName="ChooseArtifact"					Hidden="1"	/>
		<LuaContext ID="EspionageEscape"						FileName="EspionageEscape"				Hidden="1"	/>
		<LuaContext ID="UnitCaptured"								FileName="UnitCaptured"						Hidden="1"	/>
		<LuaContext ID="InGamePopup"								FileName="InGamePopup"						Hidden="1"	/>
	</Container>

	<Container ID="Diplomacy" Size="parent,parent">
		<LuaContext ID="WorldCongressPopup"					FileName="WorldCongressPopup"			Hidden="1"/>
		<LuaContext ID="WorldCongressBetweenTurns"	FileName="WorldCongressBetweenTurns" Hidden="1"/>
    <LuaContext ID="WorldCongressIntro"					FileName="WorldCongressIntro"			Hidden="1"/>
    <LuaContext ID="LeaderScene"								FileName="LeaderScene"						Hidden="1"/>
		<LuaContext ID="DiplomacyActionView"				FileName="DiplomacyActionView"		Hidden="1"/>
		<LuaContext ID="DiplomacyDealView"					FileName="DiplomacyDealView"			Hidden="1"/>
		<LuaContext ID="DeclareWarPopup"						FileName="DeclareWarPopup"				Hidden="1"/>
	</Container>

	<Container ID="EndGame" Size="parent,parent">
		<LuaContext ID="EndGameMenu" FileName="EndGameMenu" Hidden="1"/>
	</Container>

	<Container		ID="Network" Size="parent,parent">
		<LuaContext ID="PlayerChange"							FileName="PlayerChange"							Hidden="1"/>
		<LuaContext ID="NewTurnPanel"							FileName="NewTurnPanel" />
	</Container>
	
	<!-- Additional UI screens specified by <AddUserInterfaces> tag in modinfo files. -->
	<Container		ID="AdditionalUserInterfaces"/>
	
	<LuaContext		ID="Civilopedia"							FileName="CivilopediaScreen"				Hidden="1"/>
	<LuaContext		ID="PausePanel"								FileName="PausePanel"						Hidden="1"/>
	
	<!-- Movie Support -->
	 <BoxButton	ID="InGameContainer" Size="parent,parent" Color="255,255,255,255" Hidden="1" ConsumeAllMouse="1">
    <Movie		ID="InGameMovie" Size="parent,parent" LoopMovie="0" StretchMode="UniformToFill" />
	</BoxButton>
	<!-- Winning Announcement -->
	<Grid		ID="WinningContainer"  	 Size="auto,auto"			Anchor="C,T" Offset="0,250" Style="DropShadow2"     Color="255,255,255,200" AutoSizePadding="25,25" ConsumeMouse="1" Hidden="1">
		<Grid																	 Size="500,auto"			Anchor="C,C" Offset="0,0" Style="WindowFrameTitle" AutoSizePadding="0,10">
			<Container												 Size="parent,38"                         Offset="0,4" >
				<Label			ID="Winning_TitleText"				Style="WindowHeader"	Anchor="C,C" String="GAME HAS ENDED" />
			</Container>
				<Stack				ID="WinningStack"  			Size="parent,100"			Anchor="C,T" Offset="0,50" StackGrowth="Bottom" StackPadding="30">
					<Label			ID="Winning_BodyText"       Anchor="C,T" Style="BodyTextDark18" Align="Center" WrapWidth="430" String="Body"/>
					<Label			ID="Spacer"       Anchor="C,T" Style="BodyTextDark18" Align="Center" WrapWidth="430" String=" "/>
					<GridButton ID="WinningButton" Style="ButtonConfirm"  AnchorSide="I,O" Anchor="c,B" String="LOC_GENERIC_CONFIRM_BUTTON" Size="200,41" Offset="0,-42" />
				</Stack>
		</Grid>
	</Grid>

	
	<!-- Always very last/top: the in-game 'SHELL' menu. -->
	<LuaContext		ID="HotSeatBackground"				FileName="HotSeatBackground"				Hidden="1" />
	<LuaContext		ID="TopOptionsMenu"						FileName="InGameTopOptionsMenu"			Hidden="1"	TutorialActive="1" />
	<!-- Dialog Support -->
	<MakeInstance Name="PopupDialog" />

	
</Context>
