<?xml version="1.0" encoding="utf-8"?>
<ContextDefaults ColorSet="BodyTextCool" Style="FontNormal22" FontStyle="Stroke" Name="MainMenu" xmlns:xsi="http://www.w3.org/2001/XMLSchema-instance" xsi:noNamespaceSchemaLocation="..\..\ForgeUI_Assets\Controls.xsd">

	<!-- Include Instances -->
	<Include File="PopupDialog" />
  
  <Stack                  ID="ShellMenuAndLogo" StackGrowth="Down" Anchor="C,C">
    <Image ID="Logo"				Anchor="C,T"	Offset="0,0" Texture="MainLogo.dds" StretchMode="Auto"/>
    
    <SlideAnim            ID="SubMenuSlide" Begin="200,54"	End="0,54" Size="640,450" Anchor="C,T" Speed="2" Cycle="Once" Function="OutQuad" Stopped="1" FunctionPower="5" Hidden="0">
      <Stack              ID="ShellStack" StackGrowth="Right" StackPadding="20">
        <Container Size="300,400">
          <ScrollPanel	  ID="MainMenuClip" Anchor="L,C"	Size="400,450" FullClip="1" Disabled="1">
            <Image Texture="Controls_DivVertical" Size="14,20" StretchMode="None" AnchorSide="I,O" Anchor="T,L" Color="90,139,190"/>
            <SlideAnim	  ID="MainButtonTrackAnim" Begin="0,-390"	End="0,-20" Size="parent,parent" Speed="1" Pause=".5" Cycle="Once" Function="Root" Stopped="1">
              <Grid         ID="MainButtonTrack" Style="DividerVertical" Size="14,390" Color="90,139,190"/>
            </SlideAnim>
            <ScrollPanel    ID="MainButtonClip" Anchor="L,T" Offset="9,0"	Size="parent-10,parent" FullClip="1" Disabled="1">
              <AlphaAnim Pause="1.6" AlphaBegin="0" AlphaEnd="1" Cycle="Once" Function="Root" Speed="1">
                <Stack      ID="MainMenuOptionStack" StackGrowth="Down" StackPadding="-2" Offset="0,4"/>
              </AlphaAnim>
            </ScrollPanel>
          </ScrollPanel>
        </Container>

        <Container          ID="SubMenuContainer" Size="300,400">
          <AlphaAnim        ID="SubMenuAlpha" Pause="0" AlphaBegin="0" AlphaEnd="1" Cycle="Once" Function="Root" Speed="3" Size="400,450" Stopped="1" Offset="0,40" Anchor="L,C">
            <ScrollPanel	  ID="SubMenuClip" Anchor="L,C"	Size="400,450" FullClip="1" Disabled="1">
              <Image Texture="Controls_DivVertical" Size="14,20" StretchMode="None" AnchorSide="I,O" Anchor="T,L" Color="90,139,190"/>
              <SlideAnim	  ID="SubButtonTrackAnim" Begin="0,-390"	End="0,-20" Size="parent,parent" Speed="3" Cycle="Once" Function="Root" Stopped="1">
                <Grid       ID="SubButtonTrack" Style="DividerVertical" Size="14,390" Color="90,139,190"/>
              </SlideAnim>
              <ScrollPanel  ID="SubButtonClip" Anchor="L,T" Offset="9,0"	Size="parent-10,parent" FullClip="1" Disabled="1">
                <AlphaAnim  Pause="0" AlphaBegin="0" AlphaEnd="1" Cycle="Once" Function="Root" Speed="3">
                  <Stack    ID="SubMenuOptionStack" StackGrowth="Down" StackPadding="-2" Offset="0,4"/>
                </AlphaAnim>
              </ScrollPanel>
            </ScrollPanel>
          </AlphaAnim>
        </Container>
      </Stack>
    </SlideAnim>
  </Stack>

  <Instance Name="MenuOption">
    <Container Size="300,40" ID="Top">
      <SlideAnim          ID="FlagAnim" Begin="-300,0"	End="-10,0"		Size="300,32" Speed="4" Cycle="Bounce" Function="OutQuad" Stopped="1" FunctionPower="1">
        <GridButton       ID="OptionButton" Style="ShellFlag" Size="300,32">
          <AlphaAnim      ID="LabelAlphaAnim" Pause="2.0" AlphaBegin="0" AlphaEnd="1" Cycle="Once" Function="Root" Speed="1" Size="parent,parent">
            <Label        ID="ButtonLabel" Style="ShellFlagButtonFont" Anchor="L,C" Offset="30,0" String="Button Text" TruncateWidth="240"/>   
          </AlphaAnim>
        </GridButton>
        <Button       ID="HelpButton"  Size="20,20" Offset="305,0"  Anchor="L,C" Hidden="1" Texture="Controls_HowtoPlayButton"/>
      </SlideAnim>
      <AlphaAnim          ID="SelectionAnimAlpha" AlphaBegin="0"	AlphaEnd="1" Size="parent,parent" Speed="2" Cycle="Once" Function="OutQuad" Stopped="1" FunctionPower="5">
        <SlideAnim        ID="SelectionAnimSlide" Begin="-300,-4"	End="0,-4"		Size="parent,parent" Speed="2" Cycle="Once" Function="OutQuad" Stopped="1" FunctionPower="5">
          <Image Texture="Shell_ButtonOrnateSelected" StretchMode="Auto">
            <Label      ID="SelectedLabel" Style="ShellFlagButtonFont" Anchor="C,C" String="Button Text"/>
          </Image>
        </SlideAnim>
      </AlphaAnim>
    </Container>
  </Instance>

	<Stack					ID="My2KContents"	Anchor="R,B"	Offset="0,5"	StackGrowth="Down">
		<Grid														Anchor="C,T"								Size="auto,auto"	Style="DropShadow2"			Color="0,0,0,150">
			<Stack																										StackGrowth="Down">
				<Button		ID="My2KLogin"		Anchor="C,T"								Size="128,84"			Style="My2KLogoButton"	Disabled="1" />
				<Label		ID="My2KStatus"		Anchor="C,T"  Style="FontNormal12" ColorSet="ButtonCS"  String="TXT_KEY_MY2K_MODE_ANONYMOUS"/>
			</Stack>
		</Grid>
	</Stack>
	
	<Container ID="MotDContainter" Anchor="C,B"	Size="parent,120" InnerPadding="300,0" Offset="0,24">
		<Grid ID="MotDFrame" Style="SubContainer3" Color="204,207,245,100" Size="parent,auto" ClampSize="V" Anchor="C,C">
			<Stack ID="MotDStack" Anchor="L,T" StackGrowth="Right" StackPadding="10" ClampSize="V">
				<Button ID="MotDLogo" States="1" Anchor="R,C"	Size="32,32" Texture="Firaxis32"/>
				<ScrollPanel ID="MotDScroll" Anchor="L,C"  Size="parent-60, auto" Vertical="1" AutoScollbar="1" ClampSize="V">
					<Label ID="MotDText" Style="FontNormal16" WrapWidth="parent-8" Anchor="L,C"/>
					<ScrollBar Anchor="R,T" AnchorSide="I,I" Style="ScrollVerticalBarHighContrast" Size="9,parent-10"/>
				</ScrollPanel>
			</Stack>
		</Grid>
	</Container>

	<Label				ID="VersionLabel" Anchor="L,B"  Offset="2,2" Style="FontNormal12" ColorSet="ButtonCS"  />
  
  <LuaContext    ID="Options"                             FileName="Options"          Hidden="1" />
  <LuaContext    ID="ModsContext"         DeferLoad="1"   FileName="Mods"             Hidden="1" />
  <LuaContext    ID="AdvancedSetup"       DeferLoad="1"   FileName="AdvancedSetup"    Hidden="1" />
  <LuaContext    ID="ScenarioSetup"       DeferLoad="1"   FileName="ScenarioSetup"    Hidden="1" /> 
  <LuaContext    ID="CreditsScreen"                       FileName="CreditsScreen"    Hidden="1" />
  <LuaContext    ID="My2K"                                FileName="My2K"             Hidden="1" />
  <LuaContext    ID="WorldBuilder"        DeferLoad="1"   FileName="WorldBuilderMenu" Hidden="1" />
  <LuaContext    ID="HallofFame"          DeferLoad="1"   FileName="GameSummaries"    Hidden="1" />
  <LuaContext    ID="TutorialSetup"       DeferLoad="1"   FileName="TutorialSetup"    Hidden="1" />
  <LuaContext    ID="Lobby"                               FileName="Lobby"            Hidden="1" />
  <LuaContext    ID="HostGame"                            FileName="HostGame"         Hidden="1" />
  <LuaContext    ID="StagingRoom"                         FileName="StagingRoom"      Hidden="1" />
  <LuaContext    ID="LoadGameMenu"                        FileName="LoadGameMenu"     Hidden="1" />
  <LuaContext    ID="SaveGameMenu"                        FileName="SaveGameMenu"     Hidden="1" />
  <LuaContext    ID="FrontEndPopup"                       FileName="FrontEndPopup"    Hidden="1" />
  <LuaContext    ID="CivRoyaleIntro"                      FileName="CivRoyaleIntro"   Hidden="1" />
  <LuaContext    ID="PiratesIntro"                        FileName="PiratesIntro"     Hidden="1" />
  <LuaContext    ID="CrossPlay"                           FileName="CrossPlayLogin"   Hidden="1" />
</ContextDefaults>
