<?xml version="1.0" encoding="utf-8"?>
<ContextDefaults ColorSet="BodyTextCool" Style="FontNormal22" FontStyle="Glow" Name="StagingRoom" xmlns:xsi="http://www.w3.org/2001/XMLSchema-instance" xsi:noNamespaceSchemaLocation="..\..\ForgeUI_Assets\Controls.xsd">

	<Include File="PopupDialog" />

	<AlphaAnim ID="CountdownTimerAnim" Size="1,1" AlphaStart="0" AlphaEnd="0" />	<!-- Animations always tick, even when hidden; use to update countdown timer -->
	
	<Box ID="MainGrid" Style="ShellBGBox">
		
		<Container ID="MainWindow" Size="1024,768" Anchor="C,B"  >
			<Grid ID="LogoContainer" Style="SubContainer4" Size="parent-10,116" Anchor="C,T" Color="7,28,50" AnchorSide="I,O" Offset="0,4" >
      			<Image ID="Logo"				Anchor="C,C" Texture="MainLogo.dds" StretchMode="Auto"/>
    		</Grid>

			<!-- Top Panel / Launch / Reset -->
			<Container ID="TopPanel" Style="ShellHeaderContainer"  >
				<Grid Style="ShellHeaderButtonGrid">
					<GridButton ID="BackButton" Style="ShellButtonOrnateFlat" Anchor="R,C" Offset="1,0" String="LOC_MULTIPLAYER_BACK"/>
					<GridButton ID="StartButton" Style="ShellButtonOrnateFlat" Anchor="R,C" Offset="150,0" Size="150,38" String="[COLOR_GREEN]START GAME[ENDCOLOR]" Hidden="1" ToolTip="LOC_MPH_START_BUTTON_TOOLTIP"/>
					<GridButton ID="PhaseButton" Style="ShellButtonOrnateFlat" Anchor="L,C" Offset="1,0" Size="110,38" String="LAUNCH" Hidden="1" ToolTip="LOC_MPH_PHASE_BUTTON_TOOLTIP"/>
					<GridButton ID="ResetButton" Style="ShellButtonOrnateFlat" Anchor="L,C" Offset="180,0" Size="110,38" String="RESET" Hidden="1" ToolTip="LOC_MPH_RESET_BUTTON_TOOLTIP"/>
					<GridButton ID="ModCheckButton" Style="ShellButtonOrnateFlat" Anchor="R,C" Offset="180,0" Size="150,38" String="MOD CHECK" Hidden="0" ToolTip="LOC_MPH_MODCHECK_BUTTON_TOOLTIP"/>
					<Stack ID="LeftTopButtonStack" Anchor="L,C" Offset="1,0" StackGrowth="Right" Padding="10">
						<GridButton ID="EndGameButton" Style="ShellButtonOrnateFlat" Anchor="L,C" Offset="0,0" String="LOC_MULTIPLAYER_END_GAME" Hidden="1"/>
						<GridButton ID="QuitGameButton" Style="ShellButtonOrnateFlat" Anchor="L,C" Offset="0,0" String="LOC_MULTIPLAYER_QUIT_GAME" Hidden="1"/>
					</Stack>
				</Grid>
				<Label ID="TitleLabel" Style="ShellHeader" Anchor="C,C" String="{LOC_MULTIPLAYER_STAGING_ROOM:upper}"/>
			</Container>
			
			<!-- Game Setup / Staging Room -->
			<Stack ID="ShellTabs" Anchor="C,T" Offset="0,54" StackGrowth="Right" Size="940,70" Padding="10"/>
			
			<!-- Players Stack -->
			<Stack ID="PrimaryPanelStack" StackGrowth="Bottom" Anchor="L,T" Offset="3,180" Hidden="0">
				<Grid ID="PrimaryStackGrid" Style="SubContainer" Size="1020,320" Anchor="C,T"  Offset="0,-15">
					<Box Color="0,0,0,50 " Size="parent,parent-15" Anchor="C,T" />
					<ScrollPanel ID="PlayersScrollPanel" Anchor="L,T"  Vertical="1" Size="parent,parent-90" Offset="0,20">
						<Container ID="GridContainer" Size="parent-10,parent-65" Anchor="C,T">
							<!-- Vertical Grid Lines, Horizontal lines are generated in Lua -->
							<Line ID="GridLine_1" Start="218,0" End="218,parent+200" Width="2" Color="20,55,70,255" />
							<Line ID="GridLine_2" Start="287,0" End="287,parent+200" Width="2" Color="20,55,70,255" />
							<Line ID="GridLine_3" Start="616,0" End="616,parent+200" Width="2" Color="20,55,70,255" />
							<Line ID="GridLine_4" Start="760,0" End="760,parent+200" Width="2" Color="20,55,70,255" />
							<Line ID="GridLine_5" Start="928,0" End="928,parent+200" Width="2" Color="20,55,70,255" />
						</Container>
						<!-- Scroll Controls -->
						<ScrollBar Style="Slider_Blue" Length="parent-5" Offset="-3,0" Anchor="R,T" AnchorSide="O,I" />
						<Stack ID="PlayerListStack" StackGrowth="Bottom" Anchor="L,T" Offset="4,0" Padding="1"/>
					</ScrollPanel>
					<Image ID="AnchorLine" Anchor="C,B" Offset="0,11" Size="parent+2,4" Texture="Controls_DecoMapScale" StretchMode="Tile" Color="20,55,70,255"/>
				</Grid>
			</Stack>
			
			
			<!-- Phase Display -->
			<Label ID="PhaseLabel" Style="ShellButtonText" Align="Center" Anchor="C,T"  Offset="0,99" String="." Hidden="1" />
			<Label ID="PhaseLabel_hint" Style="FontNormal12" Align="Center" Anchor="C,T"  Offset="0,124" String="Would put more information here" Hidden="1" />
			<!-- Tournament / Draft Style  -->	
			<!-- 
			<RadioButton RadioGroup="DraftStyle" ID="ButtonDraft_Random" Style="MainMenuCheck" Anchor="L,T"  Offset="10,65" TextOffset="-5,0"  String="Random Order"  ToolTip="LOC_MPH_DRAFT_RANDOM_TOOLTIP" AllowClickOff="1" BoxOnLeft="1" Hidden="1" />
			<RadioButton RadioGroup="DraftStyle" ID="ButtonDraft_CWC" Style="MainMenuCheck" Anchor="L,T"  Offset="150,65" TextOffset="-5,0"  String="4v4 / 6 Bans"  ToolTip="LOC_MPH_DRAFT_CWC_TOOLTIP" AllowClickOff="1" BoxOnLeft="1" Hidden="1" />
			<RadioButton RadioGroup="DraftStyle" ID="ButtonDraft_CWC_NEW" Style="MainMenuCheck" Anchor="L,T"  Offset="150,85" TextOffset="-5,0"  String="CWC Format"  ToolTip="LOC_MPH_DRAFT_CWC_NEW_TOOLTIP" AllowClickOff="1" BoxOnLeft="1" Hidden="1" />
			<RadioButton RadioGroup="DraftStyle" ID="ButtonDraft_Slot" Style="MainMenuCheck" Anchor="L,T"  Offset="10,85" TextOffset="-5,0"  String="Slot Order"  ToolTip="LOC_MPH_DRAFT_SLOT_TOOLTIP" AllowClickOff="1" BoxOnLeft="1" Hidden="1" />
			<RadioButton RadioGroup="TimerStyle" ID="ButtonDraft_Timer" Style="MainMenuCheck" Anchor="L,T"  Offset="10,105" TextOffset="-5,0"  String="Draft Timer"  ToolTip="LOC_MPH_DRAFT_TIMER_TOOLTIP" AllowClickOff="1" BoxOnLeft="1" Hidden="1" />
			 -->	
			<!-- Clock -->
			<Label ID="clockLabel" Style="FontNormal14" Anchor="L,T"  Offset="10,124" String="00:00" Hidden="1" />
			<Label ID="PhaseLabel_Version" Style="FontNormal10" Anchor="L,T"  Offset="7,150" String="vx.xx" Hidden="0" />

			
			<!-- Ban Civ PullDown -->
			<Label ID="BanLabel" Style="FontNormal14" FontStyle="Shadow" ColorSet="ServerColumnHeader" Anchor="L,T"  Offset="400,175" String="Pick your ban:" Hidden="1" />
			<PullDown ID="BanPullDown" Offset="400,200" Anchor="L,T" Style="PlayerSelectPullDownMP" ScrollThreshold="350"  Size="230,46" AutoSizePopUp="1" Hidden="1" SpaceForScroll="1">
				<ButtonData>
					<GridButton  Size="325,45"  Style="TabFont" TextAnchor="L,C" TextOffset="60" WrapWidth="200" DisabledMouseMoveCallbacks="1">
						<GridData Texture="Controls_DropDownControlLarge" StateOffsetIncrement="0,45"	SliceCorner="10,15" SliceTextureSize="45,45" />
						<Container Size="62,62" Offset="0,0" Anchor="C,L">
							<Image Texture="Controls_CircleBacking45" Offset="-84,-6" Size="51,51" Anchor="C,C" Offset="0,1"/>
							<Image ID="BanPullDown_Icon" Icon="Leaders45" Offset="-84,-6" Size="45,45" Anchor="C,C"/>
						</Container>
					</GridButton>
				</ButtonData>
			</PullDown>		
			
			<!-- Existing Ban Display -->
			<Label ID="BanMadeLabel" Style="FontNormal14" FontStyle="Shadow" ColorSet="ServerColumnHeader" Anchor="L,T"  Offset="775,58" String="Active Bans:" Hidden="1" />
			<Label ID="PickedMapLabel" Style="FontNormal14" FontStyle="Shadow" ColorSet="ServerColumnHeader" Anchor="L,T"  Offset="925,58" String="Map:" Hidden="1" />
			<Label ID="PickedMap2Label" Style="FontNormal14" FontStyle="Shadow" ColorSet="ServerColumnHeader" Anchor="L,T"  Offset="965,58" String="Map:" Hidden="1" />
			<Image ID="BanMade_1" Icon="ICON_LEADER_DEFAULT" Size="37,37" Offset="195,78" Hidden="1" Anchor="R,T"/>
			<Label ID="BanMade_1Label" Style="FontNormal14" FontStyle="Shadow" ColorSet="ServerColumnHeader" Anchor="R,T"  Offset="195,78" String="0" Hidden="1" />
			<Image ID="BanMade_2" Icon="ICON_LEADER_DEFAULT" Size="37,37" Offset="156,78" Hidden="1" Anchor="R,T"/>
			<Label ID="BanMade_2Label" Style="FontNormal14" FontStyle="Shadow" ColorSet="ServerColumnHeader" Anchor="R,T"  Offset="156,78" String="0" Hidden="1" />
			<Image ID="BanMade_3" Icon="ICON_LEADER_DEFAULT" Size="37,37" Offset="117,78" Hidden="1" Anchor="R,T"/>
			<Label ID="BanMade_3Label" Style="FontNormal14" FontStyle="Shadow" ColorSet="ServerColumnHeader" Anchor="R,T"  Offset="117,78" String="0" Hidden="1" />
			<Image ID="BanMade_4" Icon="ICON_LEADER_DEFAULT" Size="37,37" Offset="78,78" Hidden="1" Anchor="R,T"/>
			<Label ID="BanMade_4Label" Style="FontNormal14" FontStyle="Shadow" ColorSet="ServerColumnHeader" Anchor="R,T"  Offset="78,78" String="0" Hidden="1" />
			<Image ID="BanMade_5" Icon="ICON_LEADER_DEFAULT" Size="37,37" Offset="41,78" Hidden="1" Anchor="R,T"/>
			<Label ID="BanMade_5Label" Style="FontNormal14" FontStyle="Shadow" ColorSet="ServerColumnHeader" Anchor="R,T"  Offset="41,78" String="0" Hidden="1" />
			<Image ID="BanMade_6" Icon="ICON_LEADER_DEFAULT" Size="37,37" Offset="2,78" Hidden="1" Anchor="R,T"/>
			<Label ID="BanMade_6Label" Style="FontNormal14" FontStyle="Shadow" ColorSet="ServerColumnHeader" Anchor="R,T"  Offset="2,78" String="0" Hidden="1" />
			<Image ID="BanMade_7" Icon="ICON_LEADER_DEFAULT" Size="37,37" Offset="175,108" Hidden="1" Anchor="R,T"/>
			<Label ID="BanMade_7Label" Style="FontNormal14" FontStyle="Shadow" ColorSet="ServerColumnHeader" Anchor="R,T"  Offset="175,108" String="0" Hidden="1" />
			<Image ID="BanMade_8" Icon="ICON_LEADER_DEFAULT" Size="37,37" Offset="134,108" Hidden="1" Anchor="R,T"/>
			<Label ID="BanMade_8Label" Style="FontNormal14" FontStyle="Shadow" ColorSet="ServerColumnHeader" Anchor="R,T"  Offset="134,108" String="0" Hidden="1" />
			<Image ID="BanMade_9" Icon="ICON_LEADER_DEFAULT" Size="37,37" Offset="93,108" Hidden="1" Anchor="R,T"/>
			<Label ID="BanMade_9Label" Style="FontNormal14" FontStyle="Shadow" ColorSet="ServerColumnHeader" Anchor="R,T"  Offset="93,108" String="0" Hidden="1" />
			<Image ID="BanMade_10" Icon="ICON_LEADER_DEFAULT" Size="37,37" Offset="52,108" Hidden="1" Anchor="R,T"/>
			<Label ID="BanMade_10Label" Style="FontNormal14" FontStyle="Shadow" ColorSet="ServerColumnHeader" Anchor="R,T"  Offset="52,108" String="0" Hidden="1" />
			<!-- Current Pick Display During Ban -->
			<Label ID="PickMadeLabel" Style="FontNormal14" FontStyle="Shadow" ColorSet="ServerColumnHeader" Anchor="L,T"  Offset="775,150" String="Active Picks:" Hidden="1" />
			<Image ID="PickMade_1" Icon="ICON_LEADER_DEFAULT" Size="37,37" Offset="195,165" Hidden="1" Anchor="R,T"/>
			<Label ID="PickMade_1Label" Style="FontNormal14" FontStyle="Shadow" ColorSet="ServerColumnHeader" Anchor="R,T"  Offset="195,165" String="0" Hidden="1" />
			<Image ID="PickMade_2" Icon="ICON_LEADER_DEFAULT" Size="37,37" Offset="156,165" Hidden="1" Anchor="R,T"/>
			<Label ID="PickMade_2Label" Style="FontNormal14" FontStyle="Shadow" ColorSet="ServerColumnHeader" Anchor="R,T"  Offset="156,165" String="0" Hidden="1" />
			<Image ID="PickMade_3" Icon="ICON_LEADER_DEFAULT" Size="37,37" Offset="117,165" Hidden="1" Anchor="R,T"/>
			<Label ID="PickMade_3Label" Style="FontNormal14" FontStyle="Shadow" ColorSet="ServerColumnHeader" Anchor="R,T"  Offset="117,165" String="0" Hidden="1" />
			<Image ID="PickMade_4" Icon="ICON_LEADER_DEFAULT" Size="37,37" Offset="78,165" Hidden="1" Anchor="R,T"/>
			<Label ID="PickMade_4Label" Style="FontNormal14" FontStyle="Shadow" ColorSet="ServerColumnHeader" Anchor="R,T"  Offset="78,165" String="0" Hidden="1" />			

			<!-- Ban Civ PullDown -->
			<Label ID="BanMapLabel" Style="FontNormal14" FontStyle="Shadow" ColorSet="ServerColumnHeader" Anchor="L,T"  Offset="400,175" String="Ban a map:" Hidden="1" />
			<PullDown ID="BanMapPullDown" Offset="400,200" Anchor="L,T"  Style="PullDownBlue" ScrollThreshold="350"  Size="230,24" AutoSizePopUp="1" Hidden="1" SpaceForScroll="1">
			</PullDown>	

			
			<!-- Existing Ban Display -->	
			<Label ID="RefreshLabel" Style="FontNormal12" FontStyle="Shadow" ColorSet="ServerColumnHeader" Anchor="L,T"  Offset="5,55" String="Refreshing" Hidden="1" />	
			<Label ID="MapPoolLabel" Style="FontNormal14" FontStyle="Shadow" ColorSet="ServerColumnHeader" Anchor="L,T"  Offset="775,55" String="Map Pool:" Hidden="1" />
			<Label ID="MapPool_1Label" Style="FontNormal12" FontStyle="Shadow" ColorSet="ServerColumnHeader" Anchor="L,T"  Offset="775,72" String="Archip." Hidden="1" />
			<Label ID="MapPool_2Label" Style="FontNormal12" FontStyle="Shadow" ColorSet="ServerColumnHeader" Anchor="L,T"  Offset="775,84" String="Contin." Hidden="1" />
			<Label ID="MapPool_3Label" Style="FontNormal12" FontStyle="Shadow" ColorSet="ServerColumnHeader" Anchor="L,T"  Offset="775,96" String="C. Isles" Hidden="1" />
			<Label ID="MapPool_4Label" Style="FontNormal12" FontStyle="Shadow" ColorSet="ServerColumnHeader" Anchor="L,T"  Offset="775,108" String="Fractal" Hidden="1" />
			<Label ID="MapPool_5Label" Style="FontNormal12" FontStyle="Shadow" ColorSet="ServerColumnHeader" Anchor="L,T"  Offset="830,72" String="Lakes" Hidden="1" />
			<Label ID="MapPool_6Label" Style="FontNormal12" FontStyle="Shadow" ColorSet="ServerColumnHeader" Anchor="L,T"  Offset="830,84" String="Inld Sea" Hidden="1" />
			<Label ID="MapPool_7Label" Style="FontNormal12" FontStyle="Shadow" ColorSet="ServerColumnHeader" Anchor="L,T"  Offset="830,96" String="Pangaea" Hidden="1" />
			<Label ID="MapPool_8Label" Style="FontNormal12" FontStyle="Shadow" ColorSet="ServerColumnHeader" Anchor="L,T"  Offset="830,108" String="Primor." Hidden="1" />
			<Label ID="MapPool_9Label" Style="FontNormal12" FontStyle="Shadow" ColorSet="ServerColumnHeader" Anchor="L,T"  Offset="885,72" String="7 Seas" Hidden="1" />
			<Label ID="MapPool_10Label" Style="FontNormal12" FontStyle="Shadow" ColorSet="ServerColumnHeader" Anchor="L,T"  Offset="885,84" String="Shuffle" Hidden="1" />
			<Label ID="MapPool_11Label" Style="FontNormal12" FontStyle="Shadow" ColorSet="ServerColumnHeader" Anchor="L,T"  Offset="885,96" String="S. Cont." Hidden="1" />
			<Label ID="MapPool_12Label" Style="FontNormal12" FontStyle="Shadow" ColorSet="ServerColumnHeader" Anchor="L,T"  Offset="885,108" String="Sp. Frac." Hidden="1" />		
			<Label ID="MapPool_13Label" Style="FontNormal12" FontStyle="Shadow" ColorSet="ServerColumnHeader" Anchor="L,T"  Offset="940,72" String="Terra" Hidden="1" />
			<Label ID="MapPool_14Label" Style="FontNormal12" FontStyle="Shadow" ColorSet="ServerColumnHeader" Anchor="L,T"  Offset="940,84" String="Tlt. Axis" Hidden="1" />
			<Label ID="MapPool_15Label" Style="FontNormal12" FontStyle="Shadow" ColorSet="ServerColumnHeader" Anchor="L,T"  Offset="940,96" String="????" Hidden="1" />
			<Label ID="MapPool_16Label" Style="FontNormal12" FontStyle="Shadow" ColorSet="ServerColumnHeader" Anchor="L,T"  Offset="940,108" String="????" Hidden="1" />	
			<GridButton ID="MPH_ConfirmButton" Style="ButtonConfirm"  Offset="400,250" Anchor="L,T"  String="LOC_GENERIC_CONFIRM_BUTTON" Size="230,40" Hidden="1"/>
			<GridButton ID="MPH_Leader_ConfirmButton" Style="ButtonConfirm"  Offset="20,100" Anchor="L,T"  String="LOC_GENERIC_CONFIRM_BUTTON" Size="200,40" Hidden="1"/>
			<GridButton ID="MPH_VoteButton" Style="ButtonConfirm"  Offset="400,300" Anchor="L,T"  String="LOC_MPH_VOTE_BUTTON" Size="230,40" Hidden="1"/>
			<!-- Voting Draft Display -->
			<Label ID="VoteMapScriptLabel" Style="FontNormal14" FontStyle="Shadow" ColorSet="ServerColumnHeader" Anchor="L,T"  Offset="400,145" String="Map script:" Hidden="1" />
			<PullDown ID="VoteMapScriptPullDown" Offset="400,160" Anchor="L,T"  Style="PullDownBlue" ScrollThreshold="350"  Size="230,24" AutoSizePopUp="1" Hidden="1" SpaceForScroll="1">
			</PullDown>	
			<Label ID="VoteMapAgeLabel" Style="FontNormal14" FontStyle="Shadow" ColorSet="ServerColumnHeader" Anchor="L,T"  Offset="400,200" String="Map age:" Hidden="1" />
			<PullDown ID="VoteMapAgePullDown" Offset="400,215" Anchor="L,T"  Style="PullDownBlue" ScrollThreshold="350"  Size="230,24" AutoSizePopUp="1" Hidden="1" SpaceForScroll="1">
			</PullDown>	
			<Label ID="VoteMapTempLabel" Style="FontNormal14" FontStyle="Shadow" ColorSet="ServerColumnHeader" Anchor="L,T"  Offset="400,255" String="Map temperature:" Hidden="1" />
			<PullDown ID="VoteMapTempPullDown" Offset="400,270" Anchor="L,T"  Style="PullDownBlue" ScrollThreshold="350"  Size="230,24" AutoSizePopUp="1" Hidden="1" SpaceForScroll="1">
			</PullDown>	
			
			<!-- Headers -->
			<Stack ID="HeaderStack" StackGrowth="Right" Anchor="L,T" Offset="4,161">
				
				<Grid Anchor="L,T" Size="229,28" Style="ShellHeaderButton" ID="SortbyName" >
					<GridButton Anchor="L,C" ID="EditNameButton" Style="EditTextButton" Offset="-20,0" Size="85,27" Hidden="0" ToolTip="LOC_MPH_EDIT_PLAYER_NAME_TT"/>	
					<Label Anchor="L,C" Offset="7,1" String="LOC_MULTIPLAYER_PLAYERS" Style="FontNormal14" FontStyle="Shadow" ColorSet="ServerColumnHeader" />
				</Grid>

				<Grid Anchor="L,T" Size="68,28" Style="ShellHeaderButton" ID="SortbyTeam" >
					<Label Anchor="L,C" Offset="7,1" String="LOC_MULTIPLAYER_TEAM_HEADER" Style="FontNormal14" FontStyle="Shadow" ColorSet="ServerColumnHeader"/>
				</Grid>

				<Grid Anchor="L,T" Size="330,28" Style="ShellHeaderButton" ID="SortbyCiv" >
					<Label Anchor="L,C" Offset="7,1" String="LOC_MULTIPLAYER_CIV_LEADER_HEADER" Style="FontNormal14" FontStyle="Shadow" ColorSet="ServerColumnHeader" />
				</Grid>

				<Grid Anchor="L,T" Size="144,28" Style="ShellHeaderButton" ID="SortbyDifficulty" >
					<Label Anchor="L,C" Offset="7,1" String="LOC_MULTIPLAYER_DIFFICULTY_HEADER" Style="FontNormal14" FontStyle="Shadow" ColorSet="ServerColumnHeader" />
				</Grid>

				<Grid  Anchor="L,T" Size="168,28"  Style="ShellHeaderButton" ID="SortbyReady">
					<Label ID="ReadyColumnLabel" Anchor="L,C" Offset="7,1" String="LOC_MULTIPLAYER_READY_HEADER" Style="FontNormal14" FontStyle="Shadow" ColorSet="ServerColumnHeader" />
				</Grid>

				<Grid  Anchor="L,T" Size="80,28"  Style="ShellHeaderButton" ID="SortbyKickPlayer">
					<Label Anchor="L,C" Offset="7,1" String="LOC_MP_KICK_PLAYER" Style="FontNormal14" FontStyle="Shadow" ColorSet="ServerColumnHeader" />
				</Grid>
			</Stack>

			<!-- Decorations -->
			<Grid  ID="LargeCompassDeco" Texture="Controls_CompassDecoLarge" Anchor="C,B" Alpha="0.1" Size="529,322" Offset="0,0" SliceTextureSize="529,322" SliceStart="0,0" SliceSize="529,322"/>

			<!-- Chat Panel -->
			<Container ID="ChatContainer" Anchor="R,B" Offset="10,10" Size="452,310" MinSize="452,310">
				<Container ID="ChatBackground" Anchor="R,B" Offset="0,20" Size="parent,parent">
					<Grid Style="SubContainer" Anchor="R,B" Offset="-2,0" Size="parent+4,parent"/>
				</Container>

				<Label Anchor="C,T" Offset="0,-5" String="LOC_MULTIPLAYER_CHAT" Style="ShellButtonText"/>
				<Image Anchor="L,T" Offset="15,-7" Size="27,18" Texture="Controls_Deco3" Color="20,55,70,255"/>
				<Image Anchor="R,T" Offset="15,-7" Size="27,18" Texture="Controls_Deco3" Color="20,55,70,255"/>
				<Image Offset="0,19" Size="parent-4,4" Texture="Controls_DecoMapScale" StretchMode="Tile" Color="20,55,70,255"/>

				<ScrollPanel		ID="ChatScroll"	Anchor="C,T" Offset="0,25" Size="parent-40,parent-82"  Vertical="1" AutoScrollBar="1" >
					<ScrollBar Anchor="R,C" Style="Slider_Blue" Length="290" AnchorSide="O,I"/>
					<Stack			ID="ChatStack" StackGrowth="B" Anchor="L,B" />
				</ScrollPanel>

				<!-- Text Chat Input -->
				<Container							Anchor="L,B"	Offset="15,30"	Size="parent-40,28" Color="80,96,130,255">
					<PullDown		ID="ChatPull"		Anchor="L,C"	Offset="0,0"	Size="420,26"		AutoSizePopup="1"  AutoFlip="1" >
						<ButtonData>
							<GridButton Style="ButtonControl" Anchor="L,C" Size="parent,parent" TextColor="0,0,0,0">
								<Image Texture="Controls_ButtonExtendSmall2.dds" TextureOffset="0,0" Offset="3,0"  Size="20,16" Anchor="R,C"  />
								<Image ShowOnMouseOver="1" Texture="Controls_ButtonExtendSmall2.dds" TextureOffset="0,16" Offset="3,0"  Size="20,16" Anchor="R,C"  />
								<Label ID="ChatIcon" Offset="5,2" String="[ICON_Global]" Style="FontNormal22"/>
								<Box Offset="30,0" Anchor="L,C" Size="parent-52,parent" Color="0,0,0,0" ConsumeMouse="1">
									<Box Anchor="L,C" Size="parent,parent-10" Color="0,0,0,60">
										<EditBox	ID="ChatEntry" Anchor="C,C" Offset="1,0"	Size="parent,16" MaxLength="250" KeepFocus="1" Style="FontNormal14"		FontStyle="glow"		Color0="208,212,217,255"	Color1="16,43,67,100" CursorColor="194,194,204"/>
										<Box Size="1,parent" Anchor="R,C" Color="0,0,0,150" />
										<Box Size="1,parent" Anchor="L,C" Color="0,0,0,150" />
									</Box>
								</Box>
							</GridButton>
						</ButtonData>
						<GridData Offset="0,24" Texture="Controls_DropdownPanel" InnerPadding="0,6" SliceCorner="10,10" SliceTextureSize="22,22"/>
						<ScrollPanelData Anchor="C,C" Vertical="1" Size="parent,parent" AutoScrollBar="1" >
							<ScrollBar Style="Slider_Blue" Anchor="R,C" AnchorSide="O,I"   />
						</ScrollPanelData>
						<ScrollPanelData Anchor="C,C" Vertical="1" Size="parent,parent" AutoScrollBar="1" >
							<ScrollBar Style="Slider_Blue" Anchor="R,C" AnchorSide="O,I"   />
						</ScrollPanelData>
						
						<InstanceData Name="InstanceOne" >
							<GridButton Style="ButtonControl" ID="Button" Anchor="C,T"	Size="185,27"  FontStyle="glow" ColorSet="BlueGlow" TextAnchor="L,C" TextOffset="30,0">
								<Label ID="ChatIcon" Offset="5,3" String="[ICON_Global]" Style="FontNormal22"/>
							</GridButton>
						</InstanceData>
						
					</PullDown>					
				</Container>
			</Container>

			<!-- Friends Panel -->
			<Container ID="InfoContainer" Anchor="L,B" Offset="10,10" Size="452,310" MinSize="452,310">
				<Container ID="InfoBackground" Anchor="L,B" Offset="0,20" Size="parent,parent">
					<Grid Style="SubContainer" Anchor="L,B" Offset="-2,0" Size="parent+4,parent"/>
				</Container>

				<Image Offset="0,19" Size="parent-4,4" Texture="Controls_DecoMapScale" StretchMode="Tile" Color="20,55,70,255"/>

				<Container ID="Friends" Size="parent,parent" Hidden="1">
					<ScrollPanel ID="FriendsScrollPanel" Offset="8,25" Size="437,parent-65" Vertical="1" AutoScrollBar="1">
						<Stack ID="FriendsStack" Anchor="L,T" Size="parent" StackPadding="0" StackGrowth="Right" WrapWidth="472" />
						<ScrollBar Style="Slider_Blue" Offset="-9,0" Anchor="R,T"/>
						<Image Anchor="C,B" AnchorSide="I,O" Size="parent+14,4" Texture="Controls_DecoMapScale" StretchMode="Tile" Color="20,55,70,255"/>
					</ScrollPanel>
					<!-- Invite Button -->
					<GridButton ID="InviteButton" Offset="0,27" Size="175,25" Anchor="C,B" Style="ShellButton" String="LOC_INVITE_BUTTON" ToolTip="LOC_INVITE_BUTTON_TT"/>
				</Container>

				<!-- Parameters Panel -->
				<ScrollPanel ID="ParametersScrollPanel" Offset="8,25" Size="437,parent-65" Vertical="1" AutoScrollBar="1" Hidden="0">

					<!-- Scroll Controls -->
					<ScrollBar Style="Slider_Blue" Length="420" Offset="-4,0" Anchor="R,T"/>


					<Stack ID="GameSummaryStack" Anchor="C,T" Offset="0,0" Padding="10" StackGrowth="Bottom" >
						<!-- Game Mode Indicator-->
						<Label ID="GameStateText" Anchor="C,C" Style="ShellHeader" WrapWidth="320"/>

						<!-- Join Code, an edit box that the user can copy/paste from.-->
						<Stack ID="JoinCodeRoot" StackGrowth="Bottom" EndPadding="10">
							<Container Size="auto,auto">
								<Container Size="auto,auto">
									<Box Size="186,50" Color="0,0,0,0"/>
									<Label ID="JoinCodeLabel" Anchor="R,C" Style="ShellHeader" String="LOC_STAGING_ROOM_JOIN_CODE"/>
								</Container>
								<Container Size="auto,auto" Offset="185,0">
									<Grid Style="EditTextArea" Size="208,54">
										<TextButton ID="JoinCodeText"		Anchor="L,C" Offset="6,0"		Size="248,46" Style="FontFlair30" ColorSet="ShellHeader"/>
										<Label ID="JoinCodeClickToCopy" Anchor="C,B" Offset="0,-18" Size="300,30" Style="FontNormal14" Color="ShellControl" String="LOC_STAGING_ROOM_COPY_JOIN_CODE" />
									</Grid>
								</Container>
							</Container>
												  
												 
																																														
			   
				   
						</Stack>

						<!-- Game Parameter Header -->
						<Grid Size="parent,21" Texture="Shell_SectionHeader" SliceCorner="154,10" SliceTextureSize="308,21" Color="20,144,140,100" Offset="0,8">
							<Image Texture="Controls_Gradient_HalfRadial" Color="20,144,140,100" FlipY="1" Anchor="C,T" Size="225,94"/>
							<Label Anchor="C,C" Style="ShellOptionText" WrapWidth="320" String="LOC_MP_GAME_SUMMARY_GAME_SETTINGS"/>
						</Grid>

						<!-- Parameter stacks (controlled by game setup logic) -->
						<Stack ID="ParametersStack" Anchor="C,T" Offset="0,0" Padding="0" StackGrowth="Bottom" >
							<!-- Primary Parameters Stack -->
							<Stack Anchor="C,T" Padding="0" StackGrowth="Bottom" ID="PrimaryParametersStack"/>
							<Stack Anchor="C,T" Padding="0" StackGrowth="Bottom" ID="VictoryParameterStack" />
							<Stack Anchor="C,T" Padding="0" StackGrowth="Bottom" ID="SecondaryParametersStack"/>
						</Stack>

						<!-- Additional Content Header -->
						<Grid Size="parent,21" Texture="Shell_SectionHeader" SliceCorner="154,10" SliceTextureSize="308,21" Color="20,144,140,100" Offset="0,8">
							<Image Texture="Controls_Gradient_HalfRadial" Color="20,144,140,100" FlipY="1" Anchor="C,T" Size="225,94"/>
							<Label Anchor="C,C" Style="ShellOptionText" WrapWidth="320" String="LOC_MP_GAME_SUMMARY_ADDITIONAL_CONTENT"/>
						</Grid>

						<Stack ID="AdditionalContentStack" Anchor="C,T" Offset="0,0" Padding="0" StackGrowth="Bottom"/>
					</Stack>

					<Image Anchor="C,B" AnchorSide="I,O" Size="parent+14,4" Texture="Controls_DecoMapScale" StretchMode="Tile" Color="20,55,70,255"/>
				</ScrollPanel>

				<!-- Friends / Game Setup Tabs -->
				<Stack ID="InfoTabs" Anchor="C,T" Offset="0,-14" StackGrowth="Right" Size="940,70" Padding="10"/>
			</Container>

			<!-- Ready Button  -->
			<AlphaAnim		ID="FadeAnim"						Anchor="C,C"								Size="parent,parent"	AlphaBegin="0" AlphaEnd="1" Cycle="Once" Speed=".5" Stopped="0" Pause="1" Function="Root">
				<Container ID="ReadyContainer"						Anchor="C,B" Offset="0,-5"	Size="300,130" Hidden="0">
					<Image															Anchor="C,B" Offset="0,35"	Size="130,23"	Texture="Diplomacy_PortraitBacking" />
					<Image			ID="StartBanner"				Anchor="C,B" Offset="0,0" Size="375,58" Texture="Controls_BannerBlueSmall">
						<Label		ID="StartLabel"					Anchor="C,C" Offset="0,6" Align="Center" String="{LOC_START:upper}" Style="BannerHeaderText" />
					</Image>

					<Container  ID="ReadyButtonContainer" Size="300,130" Hidden="1">
						<Image ID="TurnTimerHotseatBG"		Anchor="C,C" Offset="0,-17"		Size="91,92"	Texture="Shell_BeginButtonBacking"/>
						<Image ID="TurnTimerBG"						Anchor="C,C" Offset="0,-17"		Size="109,110"	Texture="Shell_CountdownTimerBacking"/>
						<Meter ID="TurnTimerMeter" Anchor="C,C" Offset="0,-19"	Size="93,94" Texture="Shell_CountdownTimerFill" Speed="0"/>
						<!-- Making this into a grid button so that I can set the size of the font - can't do that with a normal button right now-->
						<GridButton	ID="ReadyButton"				SliceCorner="40,40" SliceTextureSize="80,80" Anchor="C,C" Offset="0,-16"	Size="80,80"	Texture="Shell_BeginButton" StateOffsetIncrement="0,80" FontSize="40"/>
					</Container>

					<Container  ID="ReadyCheckContainer" Size="300,130" Hidden="0">
						<Button	ID="ReadyCheck"		Anchor="C,C" Offset="-1,-13"	Size="80,80"	Texture="Shell_ReadyCheckboxLarge" StateOffsetIncrement="0,80"/>
					</Container>

				</Container>
			</AlphaAnim>

			<Container ID="TooltipContainer" Size="420,720" Anchor="R,C" Offset="-10,10"/>
		</Container>
	</Box>

	<!-- Hotseat bottom deco -->
	<Image ID="HotseatDeco" Anchor="C,B" Size="963,45" Offset="0,55" Texture="Controls_BorderDeco" StretchMode="Tile" Color="255,255,255,20"/>




	<!-- Children Contexts -->
	<LuaContext FileName="UI/FrontEnd/Multiplayer/ConfirmKick" ID="ConfirmKick" Hidden="1" />
	<LuaContext FileName="UI/FrontEnd/Multiplayer/EditHotseatPlayer" ID="EditHotseatPlayer" Hidden="1" />

	<!-- Instances -->
	<Instance Name="ShellTab">
		<Container ID="TopControl" Size="1,1">
			<GridButton ID="Button" Anchor="C,T" Style="ShellTab"/>
			<AlphaAnim ID="Selected" Anchor="C,T" Speed="5" AlphaBegin="0" AlphaEnd="1" Cycle="Once" Function="Root" Hidden="1" >
				<GridButton ID="SelectedButton" Style="ShellTabSelected" Anchor="C,T"/>
			</AlphaAnim>
		</Container>
	</Instance>

	<!-- Instance for a boolean parameters -->
	<Instance Name="BooleanParameterInstance">
		<GridButton ID="CheckBox" Anchor="C,T" Style="CheckBoxControl"  Size="340,24" States="8"/>
	</Instance>

	<!-- Slider with number display -->
	<Instance Name="SliderParameterInstance">
		<Container ID="Root" Size="450,55" Anchor="C,T">
			<Container Size="250,55" Anchor="C,T">
				<Label ID="OptionTitle" Style="ShellOptionText" AnchorSide="O,I" Anchor="L,C" String=""/>
				<Stack StackGrowth="Right" Anchor="C,T">
					<Slider ID="OptionSlider" Style="SliderControl" Size="198,13" Anchor="L,C" />
					<Image Texture="Controls_CircleCompass" Size="52,53" Color="ShellControl">
						<Label ID="NumberDisplay" Style="FontFlair40" String="10" Anchor="C,C" FontStyle="stroke" Color0="208,212,217,255"	Color1="0,0,0,50"/>
					</Image>
				</Stack>
			</Container>
		</Container>
	</Instance>


	<!-- Instance for a string parameters -->
	<Instance Name="StringParameterInstance">
		<Container Size="auto,auto" ID="StringRoot">
			<Container Size="auto,auto">
				<Box Size="140,30" Color="0,0,0,0"/>
				<Label ID="StringName" Anchor="R,C" Offset="0,0" Style="FontNormal14" ColorSet="ShellOptionText" FontStyle="stroke" WrapWidth="180" String="UNKNOWN_EDIT_BOX"/>
			</Container>
			<Container Size="auto,auto" Offset="145,0">
				<Grid Style="EditTextArea" Size="160,30">
					<EditBox ID="StringEdit" Anchor="L,C" Offset="6,0" Size="248,23" EditMode="1" Style="FontNormal18" ColorSet="BodyTextCool" FontStyle="stroke" MaxLength="10"/>
				</Grid>
			</Container>
		</Container>
	</Instance>

	<!-- Instance for a parameter that has multiple choices for the value, displayed as a dropdown -->
	<!-- Instance for a parameter that has multiple choices for the value, displayed as a dropdown -->
	<Instance Name="PullDownParameterInstance">
		<Container ID="Root" Anchor="C,T" Size="450,32" Offset="0,0">
			<PullDown Anchor="C,T" ID="PullDown" Style="PullDownBlue" Size="250,24" Offset="0,0">
				<Label Style="ShellOptionText" ID="StringName" AnchorSide="O,I" Anchor="L,C" String=""/>
			</PullDown>
		</Container>
	</Instance>

	<!-- Instance for a parameter that has a button to launch a popup (e.g., map-select) -->
	<Instance Name="ButtonParameterInstance">
		<Container		ID="ButtonRoot" Anchor="L,T" Size="parent,32" Offset="0,0">
			<GridButton ID="Button"			Anchor="R,T" Style="ButtonControl" Size="300,24" Offset="40,0">
				<Label		ID="StringName"	Anchor="L,C" Style="ShellOptionText" AnchorSide="O,I" String="$Name$"/>
			</GridButton>
		</Container>
	</Instance>

	<Instance Name="TeamListEntry">
		<Stack ID="Root" StackGrowth="Bottom">
			<Stack StackGrowth="Right" ID="TeamHeaderStack">
				<Box Size="200,30" Color="0,0,0,128" ID="TeamBox">
					<Label Anchor="L,C" Offset="0,0" Style="FontNormal18" ColorSet="BodyTextCool" FontStyle="Shadow" String="Team Name" ID="TeamName"/>
				</Box>
				<GridButton Anchor="R,B" Size="75,32" Style="TabButton" ID="JoinButton" String="LOC_JOIN" />
			</Stack>
			<Stack StackGrowth="Right" ID="TeamLineStack">
				<Stack Anchor="L,T" Offset="0,0" StackGrowth="Bottom" ID="PlayerListStack" />
			</Stack>
		</Stack>
	</Instance>

	<!-- Player List Instances -->
	<Instance Name="PlayerListEntry">
		<Container ID="Root" Size="1016,50" Offset="12,0">

			<!-- Player Name -->
			<Box ID="PlayerNameBox" Color="0,255,0,0" Anchor="L,C" Offset="-12,0" Size="218,50" Hidden="0">
				<!-- Overlapping slot type pulldown for when the entry isn't occupied by an active civ. -->
				
				<PullDown ID="SlotTypePulldown" Style="PullDownPlayerSlot" ScrollThreshold="110" Hidden="0">
					<Label ID="ConnectionStatus" Anchor="L,T" Offset="4,3" String="[ICON_OnlinePip]" Style="FontNormal22"/>
					<Label ID="PlayerName" Anchor="C,T" Offset="0,7" Style="WhiteSemiBold14" String="PlayerName" TruncateWidth="210" Hidden="0"/>
					<Label ID="PlayerStatus" Anchor="L,B" Offset="10,7" Style="WhiteSemiBold12" String="PlayerStatus"/>
					<!-- Additional MPH -->
					<Label ID="PlayerVersion" Anchor="R,B" Offset="20,7" Style="WhiteSemiBold12" String="?" Hidden="0"/>
					<Label ID="PlayerID" Anchor="C,B" Offset="-35,7" Style="WhiteSemiBold12" String="" Hidden="0"/>
					<Label ID="PlayerAction" Anchor="C,B" Offset="25,7" Style="WhiteSemiBold12" String="" Hidden="0"/>
				</PullDown>

				<!-- This shows up for Hotseat and non-human players for online games -->
				<GridButton ID="AlternateEditButton" Size="214,23" Offset="2,1" Style="ButtonControl" Disabled="1" Hidden="0"/>
				<GridButton ID="HotseatEditButton" Style="EditTextButton" Offset="-2,0" Size="222,26" Hidden="1" ToolTip="LOC_HOTSEAT_EDIT_PLAYER_TT"/>	
				<PullDown ID="AlternateSlotTypePulldown" Style="PullDownBlue" Size="218" Offset="0,22" ScrollThreshold="110" Hidden="0">
					<Label ID="AlternateName" Anchor="C,T" Offset="0,-15" Style="WhiteSemiBold14" String="PlayerName" TruncateWidth="210"/>
					<Label ID="AlternateStatus" Anchor="L,B" Offset="10,7" Style="WhiteSemiBold12" String="PlayerStatus"/>
				</PullDown>

			</Box>

			<!-- Team -->
			<PullDown ID="TeamPullDown" Offset="210,1" Anchor="L,T" ScrollThreshold="210" Size="65,46" AutoSizePopUp="1" SpaceForScroll="1" AutoFlip="1">
				<ButtonData>
					<GridButton  Size="194,28" Style="TabFont">
						<GridData Texture="Controls_DropDownControlLarge" StateOffsetIncrement="0,45"	SliceCorner="10,15" SliceTextureSize="45,45" />
						<Image ID="ButtonSelectedTeam" Anchor="C,C" Offset="-9,0" Texture="TeamNumbered38" Size="38,38" Hidden="1"/>
						<Image ID="ButtonNoTeam" Anchor="C,C" Offset="-9,0" Texture="Controls_SlotCircle28" Size="29,29" Hidden="0"/>
					</GridButton>
				</ButtonData>
				<GridData Offset="0,45" Texture="Controls_DropdownPanel" InnerPadding="0,6" SliceCorner="10,10" SliceTextureSize="22,22"/>
				<ScrollPanelData Anchor="C,C" Vertical="1" Size="parent,parent" AutoScrollBar="1" >
					<ScrollBar Style="Slider_Blue" Anchor="R,C" AnchorSide="O,I"   />
				</ScrollPanelData>
				<StackData StackGrowth="Bottom" Anchor="C,T"/>
				<InstanceData Name="InstanceOne">
					<GridButton Style="ButtonControl" ID="Button" Anchor="L,T"	Offset="10,0" Size="190,42" FontStyle="glow" ColorSet="BlueGlow">
						<Image ID="ButtonImage" Anchor="C,C" Texture="Controls_SlotCircle28" Size="29,29"/>
					</GridButton>
				</InstanceData>
			</PullDown>

			<!-- Color Scheme -->
			<PullDown ID="ColorPullDown" Offset="277,1" Anchor="L,T" Style="ColorSchemePullDown" ScrollThreshold="350" Size="75,46" AutoSizePopUp="1" SpaceForScroll="1" />

			<!-- Civilization -->
			<PullDown ID="PlayerPullDown" Offset="349,1" Anchor="L,T" Style="PlayerSelectPullDownMP" ScrollThreshold="350" Size="255,46" AutoSizePopUp="1" SpaceForScroll="1">
				<!-- This is just a cut/paste of the PlayerSelectPullDown except for the addition of DisabledMouseMoveCallbacks="1".  
					We need the DisabledMouseMoveCallbacks so we can display the leader tooltip for remote clients (who have disabled pulldowns)-->
				<ButtonData>
					<GridButton  Size="325,45" Style="TabFont" TextAnchor="L,C" TextOffset="60" WrapWidth="200" DisabledMouseMoveCallbacks="1">
						<GridData Texture="Controls_DropDownControlLarge" StateOffsetIncrement="0,45"	SliceCorner="10,15" SliceTextureSize="45,45" />
						<Container Size="62,62" Offset="-3,0" Anchor="L,C">
							<Image Texture="Controls_CircleBacking45" Size="51,51" Anchor="C,C" Offset="0,1"/>
							<Image ID="LeaderIcon" Texture="Leaders45" Size="45,45" Icon="ICON_LEADER_DEFAULT" Anchor="C,C"/>
						</Container>
                        <ScrollTextField ID="ScrollText" Size="170,50" Offset="60,0" Style="TabFont"  Anchor="L,C"/>																													
					</GridButton>
				</ButtonData>
			</PullDown>

			<!-- Difficulty -->
			<PullDown ID="HandicapPullDown" Hidden="1" Offset="608,0" Anchor="L,C" Style="PullDownBlue" ScrollThreshold="400" Size="140,24" AutoSizePopUp="1"/>

			<!-- Host Icon -->

			<!-- Voice Chat Icon -->
			<!--
			<Box ID="VoiceChatBox" Color="0,255,0,0" Anchor="L,C" Offset="0,0" Size="24,24">
				<Image Anchor="C,C"  Offset="0,0" ID="VoiceChatIcon" Size="32,32" Texture="assets/UI/Art/Icons/ChatIcons32.dds" Hidden="1" />
			</Box>
			-->
			<!-- Ready Button -->
			<Button Anchor="L,C" Offset="755,0" Texture="Shell_ReadyCheckbox" Size="34,34" NoStateChange="1" StateOffsetIncrement="0,34" ID="ReadyImage"/>

			<Label ID="StatusLabel" Anchor="L,C" Offset="793,0" Style="FontNormalMedium14" Color="36,100,105" String="LOC_NOT_READY"/>

			<!-- Kick Button -->
			<Button Anchor="L,C" Offset="935,0" Texture="Shell_XButton" Size="37,37" ID="KickButton" ToolTip="LOC_MP_KICK_PLAYER"/>

			<!-- Mod Download Progress Bar -->
			<!-- Prototype Mod Status Progress Bars
			<Stack ID="PlayerModProgressStack" Anchor="L,C" Offset="5,0" StackGrowth="Right" Padding="10">
				<Bar ID="ModProgressBar" Anchor="L,C" Size="150,20" BGColor="0,0,155,255" Direction ="Right" Speed="1"/>
				<Box ID="BytesRemainingBox" Color="255,0,0,0" Anchor="L,C" Offset="0,0" Size="120,32">
					<Label ID="BytesRemaining" Anchor="L,C" Style="FontNormal16" TruncateWidth ="120" String="?b/?b" Align="Right" />
				</Box>
				<Box ID="ModProgressRemainingBox" Color="0,255,0,0" Anchor="L,C" Offset="0,0" Size="32,32">
					<Label ID="ModProgressRemaining" Anchor="L,C" Style="FontNormal16" TruncateWidth ="32" String="?/?" Align="left" />
				</Box>
			</Stack>
			-->

			<GridButton ID="AddPlayerButton" Style="ShellButtonControlLarge" Anchor="L,B" Offset="-12,0" Size="parent-14,parent" ToolTip="LOC_SETUP_ADD_PLAYER_TT" String="{LOC_SETUP_ADD_PLAYER:upper}">
				<Image Anchor="R,C" Offset="18,-2" Texture="Shell_Add" Size="37,37" ConsumeMouse="0"/>
			</GridButton>

			<Grid ID="YouIndicatorLine" Size="parent-3,parent+4" Offset="-20,-3" Hidden="1" SliceTextureSize="60,60" SliceCorner="20,20" SliceSize="20,20" Texture="Controls_YouIndicatorLine"/>

		</Container>
	</Instance>

	<Instance		Name="ChatEntry"  >
		<Box		ID="ChatRoot"			Anchor="L,T" Size="430,22" Color="0,0,0,0"  >
			<Label	ID="String"			Anchor="L,C" Offset="0,0" WrapWidth="430" Color1="0,0,0,150" Style="FontNormal12"  />
		</Box>
	</Instance>

	<!-- Friend Instance -->
	<Instance Name="FriendInstance">

		<Container ID="RootContainer" Size="218,46">
			<PullDown ID="FriendPulldown" Style="PullDownPlayerSlot" ScrollThreshold="110">
				<Label ID="OnlineIndicator" Anchor="L,T" Offset="4,3" String="[ICON_OnlinePip]"/>
				<Label ID="PlayerName" Anchor="C,T" Offset="0,7" Style="WhiteSemiBold14" String="PlayerName" TruncateWidth="210"/>
				<Label ID="PlayerStatus" Anchor="L,B" Offset="10,7" Style="WhiteSemiBold12" String="PlayerStatus"/>
			</PullDown>
			<Box ID="FriendBox" Size="218,46" Color="0,0,0,0">
				<Image Texture="Shell_PlayerCard" Size="218,46"/>
				<Image Texture="Shell_PlayerCard" TextureOffset="184,24" Size ="16,18" Offset="198,24"/>
				<Label ID="Simple_OnlineIndicator" Anchor="L,T" Offset="4,3" String="[ICON_OnlinePip]"/>
				<Label ID="Simple_PlayerName" Anchor="C,T" Offset="0,7" Style="WhiteSemiBold14" String="PlayerName" TruncateWidth="200" />
				<Label ID="Simple_PlayerStatus" Anchor="L,B" Offset="10,7" Style="WhiteSemiBold12" String="PlayerStatus"/>
			</Box>
		</Container>

	</Instance>

	<Instance Name="GameSetupParameter">
		<Container ID="Root" Size="1,17">
			<Label ID="Label" Anchor="R,T" Offset="5,0" Style="FontNormal12" ColorSet="ShellOptionText" FontStyle="stroke" String="UNKNOWN_EDIT_BOX"/>
			<Label ID="Value" Anchor="L,T" Offset="5,0" Style="WhiteSemiBold12" ColorSet="ShellControl" FontStyle="stroke" String="UNKNOWN_EDIT_BOX" TruncateWidth="200" />
		</Container>
	</Instance>

	<Instance Name="AdditionalContentInstance">
		<Container ID="Root" Size="1,17">
			<Label ID="ModTitle" Anchor="C,T" Offset="5,0" Style="WhiteSemiBold12" ColorSet="ShellControl" FontStyle="stroke" String="UNKNOWN_EDIT_BOX" TruncateWidth="230" />
		</Container>
	</Instance>

	<Instance Name="HorizontalGridLine">
		<Line ID="Control" Start="5,-1" End="1000,-1" Width="2" Color="20,55,70,255" />
	</Instance>

	<!-- Dialog Support -->
	<MakeInstance Name="PopupDialog" />

	<Instance			Name="IconInfoInstance"  >
		<Container	ID="Top"			 Size="400,auto">
			<Image    Texture="Controls_CircleCompass" Size="52,53" Offset="0,-2" Color="34,58,80,150">
				<Image		ID="Icon"					Size="38,38" Anchor="C,C" />
			</Image>
			<Stack		ID="TextStack"		StackGrowth="Bottom" StackPadding="4" Offset="55,5">
				<Label	ID="Header"				WrapWidth="340" SmallCapsType="EveryWord" SmallCaps="20" Style="FontFlair14"		String="$Header$" ColorSet="ShellHeader"/>
				<Label	ID="Description"	WrapWidth="340"	Style="DawnText"	String="$Description$"/>
			</Stack>
		</Container>
	</Instance>

	<Instance		Name="HeaderInstance">
		<Grid     ID="Top" Style="DivHeader" Anchor="C,T">
			<Label  ID="Header"    Style="FontFlair18" FontStyle="glow" ColorSet="ShellHeader" SmallCaps="22" SmallCapsLeading="0" SmallCapsType="EveryWord" Anchor="C,C" Align="Center" Offset="0,1" WrapWidth="340"/>
		</Grid>
	</Instance>

	<Instance			Name="IconInstance">
		<Container	ID="Top"				 Size="400,auto">
			<Image    Texture="Controls_CircleBacking45" Size="51,51" Offset="0,-2">
				<Image		ID="Icon"					Size="45,45" Anchor="C,C" Offset="0,-1" />
			</Image>
			<Stack		ID="TextStack"		StackGrowth="Bottom" StackPadding="4" Offset="55,0">
				<Label	ID="Header"				WrapWidth="340" SmallCapsType="EveryWord" SmallCaps="20" Style="FontFlair14"		String="$Header$" ColorSet="ShellHeader"/>
				<Label	ID="Description"	WrapWidth="340"	Style="DawnText"	String="$Description$"/>
			</Stack>
		</Container>
	</Instance>

	<Instance Name="CivIconInstance">
		<Container	ID="Top"						Size="400,auto">
			<Image		ID="IconBG"					Size="44,44" Texture="CircleBacking44">
				<Image	ID="IconShadows"		Size="44,44" Texture="Circle44_Darker"  Color="0,0,0,50" />
				<Image	ID="IconHighlights"	Size="44,44" Texture="Circle44_Lighter" Color="255,255,255,100" />
				<Image	ID="Icon"						Size="44,44" Anchor="C,C" />
			</Image>
			<Stack		ID="TextStack"		StackGrowth="Bottom" StackPadding="4" Offset="55,0">
				<Label	ID="Header"				WrapWidth="340" SmallCapsType="EveryWord" SmallCaps="20" Style="FontFlair14"		String="$Header$" ColorSet="ShellHeader"/>
				<Label	ID="Description"	WrapWidth="340"	Style="DawnText"	String="$Description$"/>
			</Stack>
		</Container>
	</Instance>

	<Instance Name="CivToolTip">
		<AlphaAnim    ID="CivToolTipAlpha" AlphaBegin="0" AlphaEnd="1" Speed="4" Function="Root" Cycle="Once" Size="parent,parent" Stopped="1">
			<SlideAnim  ID="CivToolTipSlide" Start="-20,0" End="0,0" Speed="4" Function="Root" Cycle="Once" Size="parent,parent">
				<Grid Style="EnhancedToolTip" Size="parent,parent">
					<ScrollPanel  ID="InfoScrollPanel" Vertical="1" Size="parent-12,parent-25" AutoScrollBar="1" Anchor="C,T" Offset="0,9">
						<Stack ID="InfoStack" StackGrowth="Down" Padding="8"  Anchor="C,T" Offset="10,25"/>
						<ScrollBar Style="Slider_Light" Anchor="R,C" Offset="2,0" />
					</ScrollPanel>
				</Grid>
			</SlideAnim>
		</AlphaAnim>
	</Instance>

</ContextDefaults>
