﻿<?xml version="1.0" encoding="utf-8"?>
<Context  xmlns:xsi="http://www.w3.org/2001/XMLSchema-instance" xsi:noNamespaceSchemaLocation="..\..\..\..\..\CivTech\Libs\ForgeUI\ForgeUI_Assets\Controls.xsd"
					ColorSet="Beige_Black" Style="FontNormal16" FontStyle="Shadow" >

	<Include File="PopupDialog"/>
  <Include File="CivilizationIcon"/>

  <AlphaAnim        ID="PauseWindowClose"  AlphaBegin="0"  AlphaEnd="1"  Speed="3" Function="Root" Cycle="Once" Stopped="1"/>

  <AlphaAnim        ID="AlphaIn"      Size="parent,parent"  AlphaBegin="0"  AlphaEnd="1"  Speed="9" Function="Root" Cycle="Once">
		<Box																	Color="21,46,75,150" Size="parent,parent" ConsumeMouse="1">
			<Image															Texture="Controls_Vignette" Size="500,500"   Color="0,0,0,255" Anchor="R,B"/>
			<Image															Texture="Controls_Vignette" Size="500,500"   Color="0,0,0,255" Anchor="R,T" FlipY="1"/>
			<Image															Texture="Controls_Vignette" Size="500,500"   Color="0,0,0,255" Anchor="L,T" FlipY="1" FlipX="1"/>
			<Image															Texture="Controls_Vignette" Size="500,500"   Color="0,0,0,255" Anchor="L,B" FlipX="1"/>
			<Image															Texture="Controls_Gradient" Size="150,parent"  Color="0,0,0,255" Anchor="L,T" Rotate="90"/>
			<Image															Texture="Controls_Gradient" Size="150,parent"  Color="0,0,0,255" Anchor="R,T" Rotate="270"/>
			<Image															Texture="Controls_Gradient" Size="parent,150"  Color="0,0,0,255" Anchor="L,T" FlipY="1"/>
			<Image															Texture="Controls_Gradient" Size="parent,150"  Color="0,0,0,255" Anchor="L,B"/>
		</Box>

		<SlideAnim      ID="SlideIn"      Size="parent,parent"  Start="0,-20"   End="0,0"     Speed="9" Function="Root" Cycle="Once">
      <Grid         ID="PauseWindow"  Size="auto,auto"              Anchor="C,C" Offset="0,0" Style="DropShadow2"     Color="255,255,255,200" AutoSizePadding="25,25" ConsumeMouse="1">
        <Box Color="21,46,75,200" Size="290,auto" Anchor="C,C" AutoSizePadding="10,-5">
          <Grid Size="300,auto" Anchor="C,C" Style="WindowFrameAlpha" AutoSizePadding="0,58">
            <Container Anchor="C,T" Size="parent,50">
              <Label	ID="WindowTitle" Style="ShellHeader" Anchor="C,C" Offset="0,1" String="LOC_GAME_MENU_TITLE"/>
              <Grid Style="Divider3Grid" Size="parent-9,8" Anchor="C,B" Offset="-2,0"/>
            </Container>

            <Grid Style="SubContainer4" Size="parent-20,auto" Offset="-1,55" Anchor="C,T" Color="41,74,108,255" AutoSizePadding="0,0">

              <Image        ID="CompassDeco" Size="193,122" Texture="Controls_Compass" Color="41,74,108,100" Anchor="C,B"/>
              <Stack				ID="MainStack"						Anchor="C,T" Offset="-1,5" Padding="0" StackGrowth="Bottom"  >
                <Container Size="20,20"/>
                <GridButton ID="ReturnButton"		      Anchor="C,T" Style="PauseMenuButton" String="{LOC_GAME_MENU_RETURN_TO_GAME:upper}" ToolTip="LOC_GAME_MENU_RETURN_TO_GAME_TOOLTIP" />
                <Container Size="20,20"/>
                <GridButton ID="QuickSaveButton"			Anchor="C,T" Style="PauseMenuButton" Size="250,36" String="{LOC_GAME_MENU_QUICK_SAVE:upper}" ToolTip="LOC_GAME_MENU_QUICK_SAVE_TOOLTIP" />
                <GridButton ID="SaveGameButton"				Anchor="C,T" Style="PauseMenuButton" Size="250,36" String="{LOC_GAME_MENU_SAVE:upper}" ToolTip="LOC_GAME_MENU_SAVE_TOOLTIP" />
                <GridButton ID="LoadGameButton"				Anchor="C,T" Style="PauseMenuButton" Size="250,36" String="{LOC_GAME_MENU_LOAD:upper}" ToolTip="LOC_GAME_MENU_LOAD_TOOLTIP" />
								<GridButton ID="ExpansionNewFeatures"	Anchor="C,T" Style="PauseMenuButton" Size="250,36" String="{LOC_GAME_MENU_NEW_FEATURES:upper}" ToolTip="LOC_GAME_MENU_NEW_FEATURES_TOOLTIP" />
                <GridButton ID="OptionsButton"				Anchor="C,T" Style="PauseMenuButton" Size="250,36" String="{LOC_GAME_MENU_OPTIONS:upper}" ToolTip="LOC_GAME_MENU_OPTIONS_TOOLTIP"/>
                 <!-- MPH Options -->
				<GridButton ID="HelperButton"				Anchor="C,T" Style="PauseMenuButton" Size="250,36" String="MULTIPLAYER HELPER" ToolTip="LOC_GAME_MENU_HELPER_BUTTON_TOOLTIP" Hidden="1"/>
				<GridButton ID="RetireButton"					Anchor="C,T" Style="PauseMenuButton" Size="250,36" String="{LOC_GAME_MENU_RETIRE:upper}" ToolTip="LOC_GAME_MENU_RETIRE_TOOLTIP"/>
								<GridButton ID="PBCDeleteButton"			Anchor="C,T" Style="PauseMenuButton" Size="250,36" String="{LOC_GAME_MENU_PBC_DELETE:upper}" ToolTip="LOC_GAME_MENU_PBC_DELETE_TOOLTIP"/>
								<GridButton ID="PBCQuitButton"				Anchor="C,T" Style="PauseMenuButton" Size="250,36" String="{LOC_GAME_MENU_PBC_QUIT:upper}" ToolTip="LOC_GAME_MENU_PBC_QUIT_TOOLTIP"/>
								<GridButton ID="RestartButton"				Anchor="C,T" Style="PauseMenuButton" Size="250,36" String="{LOC_GAME_MENU_RESTART:upper}" ToolTip="LOC_GAME_MENU_RESTART_TOOLTIP"/>
                <GridButton ID="MainMenuButton"				Anchor="C,T" Style="PauseMenuButton" Size="250,36" String="{LOC_GAME_MENU_EXIT_TO_MAIN:upper}" ToolTip="LOC_GAME_MENU_EXIT_TO_MAIN_TOOLTIP" />
                <GridButton ID="ExitGameButton"				Anchor="C,T" Style="PauseMenuButton" Size="250,36" String="{LOC_GAME_MENU_EXIT_TO_DESKTOP:upper}" ToolTip="LOC_GAME_MENU_EXIT_TO_DESKTOP_TOOLTIP" />

                <Container Size="20,20"/>

                <!-- Mods Stack -->
                <Grid						ID="ModsInUse"				Anchor="C,T"	Style="DecoFrame" Size="parent-25,100" Hidden="1">
                  <Label				ID="ModsInUseHeader"	Anchor="C,T" Offset="0,5" Style="BlueGlow" FontSize="14" String="{LOC_GAME_MENU_MODS_IN_USE:upper}" />
                  <Grid Style="Divider6Grid"											Size="parent,2" Color="41,74,108,255" Offset="0,20"/>
                  <ScrollPanel	ID="ModListings"			Anchor="L,T"	Offset="10,22" Size="parent-20,parent-24" Vertical="1" AutoScrollBar="1" >
                    <Stack			ID="ModListingsStack"	Anchor="L,T" StackGrowth="Bottom" />
                    <ScrollBar Style="Slider_Blue"		Anchor="R,C" AnchorSide="O,I" Offset="-2,0" />
                  </ScrollPanel>
                </Grid>
                <Container Size="20,20"/>
              </Stack>
            </Grid>

            <Container ID="GameDetails" Size="parent,105" Anchor="C,B">
              <!-- Game Info -->
              <Box ID="DetailsBox" Size="parent-12,55" Color="30,125,182,50" Anchor="C,T" Offset="-1,0">
                <Grid Style="ShellGameDetailsContainer" Size="52,55" Anchor="L,C"/>
                <Grid Style="ShellGameDetailsContainerR" Size="52,55" Anchor="R,C"/>
                <Stack StackGrowth="Right" Anchor="C,C" Offset="0,1" Padding="-3">
                  <Container Size="62,62">
                    <MakeInstance Name="CivilizationIconShaded44"/>
                    <Image Texture="Controls_CircleRim50" Size="50,50" Anchor="C,C" Offset="-1,-1" Color="2,119,186"/>
                  </Container>
                  <Container Size="62,62">
                    <Image Texture="Controls_CircleRim50" Size="50,50" Anchor="C,C" Offset="0,-1" Color="2,119,186"/>
                    <Image ID="LeaderIcon" Texture="Leaders45" Size="45,45" Anchor="C,C" Offset="1,0"/>
                  </Container>
                  <Image ID="GameDifficulty" Texture="Shell_GameDifficulty" Size="62,62"/>
                  <Image ID="GameSpeed" Texture="Shell_GameSpeed" Size="62,62"/>
                </Stack>
                <Box Color="30,125,182,50" Size="parent,2" Anchor="L,B"/>
              </Box>
              <Label ID="VersionLabel" Style="FontNormal14"	Color="102,122,145" Anchor="C,B" Offset="0,10" String="0.0.0.0" />
            </Container>
          </Grid>
        </Box>
      </Grid>
    </SlideAnim>
  </AlphaAnim>

  <!-- Dialog Support -->
  <MakeInstance Name="PopupDialog" />

	<Instance Name="ModInstance">
		<Label ID="ModTitle" Style="FontNormal14"	Color="102,122,145" Anchor="L,T" Offset="5,0" WrapWidth="225" String="Mod Title" />
	</Instance>

	<LuaContext FileName="LoadGameMenu" ID="LoadGameMenu" Hidden="1" />
	<LuaContext FileName="SaveGameMenu" ID="SaveGameMenu" Hidden="1" TutorialActive="1" />
	<LuaContext FileName="Options"			ID="Options"			Hidden="1" TutorialActive="1" />


</Context>